{"cameraMode":{"drawMode":0,"name":"Shaded","section":"Shading Mode"},"sceneLighting":false,"audioPlay":false,"sceneViewState":{"showFog":true,"showMaterialUpdate":false,"showSkybox":false,"showFlares":true,"showImageEffects":true,"showParticleSystems":true},"in2DMode":false,"pivot":{"x":3.265575885772705,"y":0.7710994482040405,"z":1.5506128072738648},"rotation":{"x":-0.016094673424959184,"y":-0.8468737006187439,"z":0.531066358089447,"w":-0.02564421109855175},"size":0.2325996607542038,"orthographic":false}