{"cameraMode":{"drawMode":0,"name":"Shaded","section":"Shading Mode"},"sceneLighting":false,"audioPlay":false,"sceneViewState":{"showFog":true,"showMaterialUpdate":false,"showSkybox":false,"showFlares":true,"showImageEffects":true,"showParticleSystems":true},"in2DMode":false,"pivot":{"x":9.939868927001954,"y":0.33612674474716189,"z":5.8315749168396},"rotation":{"x":0.024974679574370385,"y":0.6895439624786377,"z":-0.023793762549757959,"w":0.7234635949134827},"size":0.5615689754486084,"orthographic":false}