{"cameraMode":{"drawMode":0,"name":"Shaded","section":"Shading Mode"},"sceneLighting":false,"audioPlay":false,"sceneViewState":{"showFog":true,"showMaterialUpdate":false,"showSkybox":false,"showFlares":true,"showImageEffects":true,"showParticleSystems":true},"in2DMode":false,"pivot":{"x":1.1924721002578736,"y":0.3748796582221985,"z":1.5336947441101075},"rotation":{"x":-0.013732804916799069,"y":-0.8515409231185913,"z":-0.021840212866663934,"w":0.52386474609375},"size":0.5718005299568176,"orthographic":false}