{"cameraMode":{"drawMode":0,"name":"Shaded","section":"Shading Mode"},"sceneLighting":false,"audioPlay":false,"sceneViewState":{"showFog":true,"showMaterialUpdate":false,"showSkybox":false,"showFlares":true,"showImageEffects":true,"showParticleSystems":true},"in2DMode":false,"pivot":{"x":-2.6843791007995607,"y":1.0730453729629517,"z":4.036526679992676},"rotation":{"x":-0.17830905318260194,"y":0.6895737051963806,"z":-0.18214112520217896,"w":-0.6780597567558289},"size":0.8076032400131226,"orthographic":false}