{"cameraMode":{"drawMode":0,"name":"Shaded","section":"Shading Mode"},"sceneLighting":false,"audioPlay":false,"sceneViewState":{"showFog":true,"showMaterialUpdate":false,"showSkybox":false,"showFlares":true,"showImageEffects":true,"showParticleSystems":true},"in2DMode":false,"pivot":{"x":-2.0926783084869386,"y":0.7475110292434692,"z":0.2503228187561035},"rotation":{"x":-0.01599777676165104,"y":-0.984290599822998,"z":0.13125739991664887,"w":-0.11793160438537598},"size":1.0964486598968506,"orthographic":false}