{"cameraMode":{"drawMode":0,"name":"Shaded","section":"Shading Mode"},"sceneLighting":false,"audioPlay":false,"sceneViewState":{"showFog":true,"showMaterialUpdate":false,"showSkybox":false,"showFlares":true,"showImageEffects":true,"showParticleSystems":true},"in2DMode":false,"pivot":{"x":-0.05437096953392029,"y":0.1555144339799881,"z":-1.8415166139602662},"rotation":{"x":0.05165180563926697,"y":-0.4012490510940552,"z":-0.022582393139600755,"w":-0.9143257737159729},"size":0.3030228018760681,"orthographic":false}