{"cameraMode":{"drawMode":0,"name":"Shaded","section":"Shading Mode"},"sceneLighting":false,"audioPlay":false,"sceneViewState":{"showFog":true,"showMaterialUpdate":false,"showSkybox":false,"showFlares":true,"showImageEffects":true,"showParticleSystems":true},"in2DMode":false,"pivot":{"x":0.3723592460155487,"y":0.32506340742111208,"z":2.311375379562378},"rotation":{"x":-0.12651963531970979,"y":-0.26647865772247317,"z":0.03520352393388748,"w":-0.9549307227134705},"size":0.503215491771698,"orthographic":false}