{"cameraMode":{"drawMode":0,"name":"Shaded","section":"Shading Mode"},"sceneLighting":false,"audioPlay":false,"sceneViewState":{"showFog":true,"showMaterialUpdate":false,"showSkybox":false,"showFlares":true,"showImageEffects":true,"showParticleSystems":true},"in2DMode":false,"pivot":{"x":-7.216270446777344,"y":2.692617654800415,"z":7.873039722442627},"rotation":{"x":-0.2481955885887146,"y":0.7080780863761902,"z":-0.29785674810409548,"w":-0.590353786945343},"size":0.9986278414726257,"orthographic":false}