{"cameraMode":{"drawMode":0,"name":"Shaded","section":"Shading Mode"},"sceneLighting":false,"audioPlay":false,"sceneViewState":{"showFog":true,"showMaterialUpdate":false,"showSkybox":false,"showFlares":true,"showImageEffects":true,"showParticleSystems":true},"in2DMode":false,"pivot":{"x":1.5309027433395386,"y":0.8059545755386353,"z":0.10423199087381363},"rotation":{"x":-0.08385898172855377,"y":-0.22083865106105805,"z":0.019070802256464959,"w":-0.9715688824653626},"size":0.6643253564834595,"orthographic":false}