{"cameraMode":{"drawMode":0,"name":"Shaded","section":"Shading Mode"},"sceneLighting":false,"audioPlay":false,"sceneViewState":{"showFog":true,"showMaterialUpdate":false,"showSkybox":false,"showFlares":true,"showImageEffects":true,"showParticleSystems":true},"in2DMode":false,"pivot":{"x":15.0513916015625,"y":61.85528564453125,"z":19.126693725585939},"rotation":{"x":0.02383079007267952,"y":0.9160335063934326,"z":0.05502564087510109,"w":-0.3966148793697357},"size":99.3416519165039,"orthographic":false}