{"cameraMode":{"drawMode":0,"name":"Shaded","section":"Shading Mode"},"sceneLighting":false,"audioPlay":false,"sceneViewState":{"showFog":true,"showMaterialUpdate":false,"showSkybox":false,"showFlares":true,"showImageEffects":true,"showParticleSystems":true},"in2DMode":false,"pivot":{"x":-17.93896484375,"y":36.54570388793945,"z":-43.49268341064453},"rotation":{"x":0.15060573816299439,"y":-0.6549553275108337,"z":0.1355086863040924,"w":0.7280471324920654},"size":51.595516204833987,"orthographic":false}