{"cameraMode":{"drawMode":0,"name":"Shaded","section":"Shading Mode"},"sceneLighting":false,"audioPlay":false,"sceneViewState":{"showFog":true,"showMaterialUpdate":false,"showSkybox":false,"showFlares":true,"showImageEffects":true,"showParticleSystems":true},"in2DMode":false,"pivot":{"x":22.485122680664064,"y":-27.182788848876954,"z":-16.882043838500978},"rotation":{"x":-0.14536885917186738,"y":-0.8546537756919861,"z":0.34742018580436709,"w":-0.35759592056274416},"size":20.074386596679689,"orthographic":false}