{"cameraMode":{"drawMode":0,"name":"Shaded","section":"Shading Mode"},"sceneLighting":false,"audioPlay":false,"sceneViewState":{"showFog":true,"showMaterialUpdate":false,"showSkybox":false,"showFlares":true,"showImageEffects":true,"showParticleSystems":true},"in2DMode":false,"pivot":{"x":-1.7682397365570069,"y":0.8705363869667053,"z":1.2998781204223633},"rotation":{"x":-0.01599777676165104,"y":-0.984290599822998,"z":0.13125739991664887,"w":-0.11793160438537598},"size":11.441774368286133,"orthographic":false}