{"cameraMode":{"drawMode":0,"name":"Shaded","section":"Shading Mode"},"sceneLighting":false,"audioPlay":false,"sceneViewState":{"showFog":true,"showMaterialUpdate":false,"showSkybox":false,"showFlares":true,"showImageEffects":true,"showParticleSystems":true},"in2DMode":false,"pivot":{"x":1.1577335596084595,"y":0.38718175888061526,"z":1.293319582939148},"rotation":{"x":0.018040193244814874,"y":-0.9197134375572205,"z":0.3900434374809265,"w":0.042541082948446277},"size":0.5615611672401428,"orthographic":false}