{"cameraMode":{"drawMode":0,"name":"Shaded","section":"Shading Mode"},"sceneLighting":false,"audioPlay":false,"sceneViewState":{"showFog":true,"showMaterialUpdate":false,"showSkybox":false,"showFlares":true,"showImageEffects":true,"showParticleSystems":true},"in2DMode":false,"pivot":{"x":0.7262734174728394,"y":0.1133013367652893,"z":8.167976379394532},"rotation":{"x":0.21637697517871858,"y":-0.6693777441978455,"z":0.213700070977211,"w":0.6778721213340759},"size":0.1797526478767395,"orthographic":false}