{"cameraMode":{"drawMode":0,"name":"Shaded","section":"Shading Mode"},"sceneLighting":false,"audioPlay":false,"sceneViewState":{"showFog":true,"showMaterialUpdate":false,"showSkybox":false,"showFlares":true,"showImageEffects":true,"showParticleSystems":true},"in2DMode":false,"pivot":{"x":19.97564697265625,"y":14.334465026855469,"z":36.75370407104492},"rotation":{"x":0.018040193244814874,"y":-0.9197134375572205,"z":0.3900434374809265,"w":0.042541082948446277},"size":0.30141130089759829,"orthographic":false}