{"cameraMode":{"drawMode":0,"name":"Shaded","section":"Shading Mode"},"sceneLighting":false,"audioPlay":false,"sceneViewState":{"showFog":true,"showMaterialUpdate":false,"showSkybox":false,"showFlares":true,"showImageEffects":true,"showParticleSystems":true},"in2DMode":false,"pivot":{"x":-0.9227944016456604,"y":0.24049998819828034,"z":6.202215194702148},"rotation":{"x":0.2506439983844757,"y":-0.6969471573829651,"z":0.2877270579338074,"w":0.6072218418121338},"size":0.3366263806819916,"orthographic":false}