{"cameraMode":{"drawMode":0,"name":"Shaded","section":"Shading Mode"},"sceneLighting":false,"audioPlay":false,"sceneViewState":{"showFog":true,"showMaterialUpdate":false,"showSkybox":false,"showFlares":true,"showImageEffects":true,"showParticleSystems":true},"in2DMode":false,"pivot":{"x":-7.799373626708984,"y":0.6643311977386475,"z":-6.451777458190918},"rotation":{"x":-0.017981072887778283,"y":0.8769327998161316,"z":-0.03289951756596565,"w":-0.47918999195098879},"size":0.957759439945221,"orthographic":false}