{"cameraMode":{"drawMode":0,"name":"Shaded","section":"Shading Mode"},"sceneLighting":false,"audioPlay":false,"sceneViewState":{"showFog":true,"showMaterialUpdate":false,"showSkybox":false,"showFlares":true,"showImageEffects":true,"showParticleSystems":true},"in2DMode":false,"pivot":{"x":1.109360694885254,"y":2.054415225982666,"z":1.9405579566955567},"rotation":{"x":-0.26768770813941958,"y":0.4432092607021332,"z":-0.14071112871170045,"w":-0.8439881801605225},"size":1.9109649658203126,"orthographic":false}