{"cameraMode":{"drawMode":0,"name":"Shaded","section":"Shading Mode"},"sceneLighting":false,"audioPlay":false,"sceneViewState":{"showFog":true,"showMaterialUpdate":false,"showSkybox":false,"showFlares":true,"showImageEffects":true,"showParticleSystems":true},"in2DMode":false,"pivot":{"x":0.37766069173812868,"y":0.27518054842948916,"z":-0.3413764536380768},"rotation":{"x":0.040502194315195087,"y":-0.7607653737068176,"z":0.047814007848501208,"w":0.6461640000343323},"size":0.3500000834465027,"orthographic":false}