{"cameraMode":{"drawMode":0,"name":"Shaded","section":"Shading Mode"},"sceneLighting":false,"audioPlay":false,"sceneViewState":{"showFog":true,"showMaterialUpdate":false,"showSkybox":false,"showFlares":true,"showImageEffects":true,"showParticleSystems":true},"in2DMode":false,"pivot":{"x":2.9770500659942629,"y":0.2498771846294403,"z":5.637722015380859},"rotation":{"x":0.21637697517871858,"y":-0.6693777441978455,"z":0.213700070977211,"w":0.6778721213340759},"size":0.4386628568172455,"orthographic":false}