{"cameraMode":{"drawMode":0,"name":"Shaded","section":"Shading Mode"},"sceneLighting":false,"audioPlay":false,"sceneViewState":{"showFog":true,"showMaterialUpdate":false,"showSkybox":false,"showFlares":true,"showImageEffects":true,"showParticleSystems":true},"in2DMode":false,"pivot":{"x":-17.141036987304689,"y":2.5559628009796144,"z":23.904693603515626},"rotation":{"x":-0.2883943021297455,"y":0.058816097676754,"z":-0.01779734157025814,"w":-0.9556088447570801},"size":1.2819359302520753,"orthographic":false}