{"cameraMode":{"drawMode":0,"name":"Shaded","section":"Shading Mode"},"sceneLighting":false,"audioPlay":false,"sceneViewState":{"showFog":true,"showMaterialUpdate":false,"showSkybox":false,"showFlares":true,"showImageEffects":true,"showParticleSystems":true},"in2DMode":false,"pivot":{"x":-1.7559164762496949,"y":0.019886311143636705,"z":1.1710611581802369},"rotation":{"x":-0.2764926552772522,"y":0.7062004208564758,"z":-0.36022377014160159,"w":-0.5434311032295227},"size":0.09268023818731308,"orthographic":false}