{"cameraMode":{"drawMode":0,"name":"Shaded","section":"Shading Mode"},"sceneLighting":false,"audioPlay":false,"sceneViewState":{"showFog":true,"showMaterialUpdate":false,"showSkybox":false,"showFlares":true,"showImageEffects":true,"showParticleSystems":true},"in2DMode":false,"pivot":{"x":-2.1838057041168215,"y":0.32600000500679018,"z":-14.52519416809082},"rotation":{"x":0.1899709850549698,"y":0.6538910269737244,"z":-0.1746516078710556,"w":0.7112606763839722},"size":0.5674054026603699,"orthographic":false}