{"cameraMode":{"drawMode":0,"name":"Shaded","section":"Shading Mode"},"sceneLighting":false,"audioPlay":false,"sceneViewState":{"showFog":true,"showMaterialUpdate":false,"showSkybox":false,"showFlares":true,"showImageEffects":true,"showParticleSystems":true},"in2DMode":false,"pivot":{"x":-1.090315818786621,"y":0.005000002682209015,"z":-43.39545822143555},"rotation":{"x":-0.17830905318260194,"y":0.6895737051963806,"z":-0.18214112520217896,"w":-0.6780597567558289},"size":0.08003953844308853,"orthographic":false}