{"cameraMode":{"drawMode":0,"name":"Shaded","section":"Shading Mode"},"sceneLighting":false,"audioPlay":false,"sceneViewState":{"showFog":true,"showMaterialUpdate":false,"showSkybox":false,"showFlares":true,"showImageEffects":true,"showParticleSystems":true},"in2DMode":false,"pivot":{"x":-0.5352416038513184,"y":0.23681794106960298,"z":3.7767205238342287},"rotation":{"x":-0.098360076546669,"y":-0.44306817650794985,"z":0.048991378396749499,"w":-0.8897913098335266},"size":0.57170170545578,"orthographic":false}