{"cameraMode":{"drawMode":0,"name":"Shaded","section":"Shading Mode"},"sceneLighting":false,"audioPlay":false,"sceneViewState":{"showFog":true,"showMaterialUpdate":false,"showSkybox":false,"showFlares":true,"showImageEffects":true,"showParticleSystems":true},"in2DMode":false,"pivot":{"x":1.0926586389541627,"y":0.173553466796875,"z":1.0888245105743409},"rotation":{"x":-0.017981072887778283,"y":0.8769327998161316,"z":-0.03289951756596565,"w":-0.47918999195098879},"size":0.25183039903640749,"orthographic":false}