{"cameraMode":{"drawMode":0,"name":"Shaded","section":"Shading Mode"},"sceneLighting":false,"audioPlay":false,"sceneViewState":{"showFog":true,"showMaterialUpdate":false,"showSkybox":false,"showFlares":true,"showImageEffects":true,"showParticleSystems":true},"in2DMode":false,"pivot":{"x":-0.37548887729644778,"y":0.2967231273651123,"z":-0.7259464263916016},"rotation":{"x":0.0039905342273414139,"y":0.7492420077323914,"z":-0.004481643438339233,"w":0.6623199582099915},"size":0.35103559494018557,"orthographic":false}