{"cameraMode":{"drawMode":0,"name":"Shaded","section":"Shading Mode"},"sceneLighting":false,"audioPlay":false,"sceneViewState":{"showFog":true,"showMaterialUpdate":false,"showSkybox":false,"showFlares":true,"showImageEffects":true,"showParticleSystems":true},"in2DMode":false,"pivot":{"x":-1.0717390775680543,"y":-2.645876884460449,"z":0.9918776750564575},"rotation":{"x":0.03911853954195976,"y":-0.29656368494033816,"z":-0.012584906071424485,"w":-0.9542571306228638},"size":0.09528898447751999,"orthographic":false}