{"cameraMode":{"drawMode":0,"name":"Shaded","section":"Shading Mode"},"sceneLighting":false,"audioPlay":false,"sceneViewState":{"showFog":true,"showMaterialUpdate":false,"showSkybox":false,"showFlares":true,"showImageEffects":true,"showParticleSystems":true},"in2DMode":false,"pivot":{"x":23.969331741333009,"y":12.624902725219727,"z":21.496801376342775},"rotation":{"x":-0.03689415007829666,"y":0.8428071141242981,"z":-0.058245740830898288,"w":-0.5338189601898193},"size":0.28684934973716738,"orthographic":false}