{"cameraMode":{"drawMode":0,"name":"Shaded","section":"Shading Mode"},"sceneLighting":false,"audioPlay":false,"sceneViewState":{"showFog":true,"showMaterialUpdate":false,"showSkybox":false,"showFlares":true,"showImageEffects":true,"showParticleSystems":true},"in2DMode":false,"pivot":{"x":1.415619134902954,"y":0.10250000655651093,"z":6.974910736083984},"rotation":{"x":0.2506439983844757,"y":-0.6969471573829651,"z":0.2877270579338074,"w":0.6072218418121338},"size":0.20283813774585725,"orthographic":false}