{"cameraMode":{"drawMode":0,"name":"Shaded","section":"Shading Mode"},"sceneLighting":false,"audioPlay":false,"sceneViewState":{"showFog":true,"showMaterialUpdate":false,"showSkybox":false,"showFlares":true,"showImageEffects":true,"showParticleSystems":true},"in2DMode":false,"pivot":{"x":-0.6070067882537842,"y":2.5987348556518556,"z":7.219758987426758},"rotation":{"x":0.1899709850549698,"y":0.6538910269737244,"z":-0.1746516078710556,"w":0.7112606763839722},"size":1.0964486598968506,"orthographic":false}