{"cameraMode":{"drawMode":0,"name":"Shaded","section":"Shading Mode"},"sceneLighting":false,"audioPlay":false,"sceneViewState":{"showFog":true,"showMaterialUpdate":false,"showSkybox":false,"showFlares":true,"showImageEffects":true,"showParticleSystems":true},"in2DMode":false,"pivot":{"x":-0.09245800971984863,"y":0.755004346370697,"z":12.209375381469727},"rotation":{"x":-0.027889830991625787,"y":-0.3025059998035431,"z":-0.008312160149216652,"w":0.9528347849845886},"size":0.8254023194313049,"orthographic":false}