{"cameraMode":{"drawMode":0,"name":"Shaded","section":"Shading Mode"},"sceneLighting":false,"audioPlay":false,"sceneViewState":{"showFog":true,"showMaterialUpdate":false,"showSkybox":false,"showFlares":true,"showImageEffects":true,"showParticleSystems":true},"in2DMode":false,"pivot":{"x":1.78399658203125,"y":0.4819999635219574,"z":-3.0950875282287599},"rotation":{"x":0.1899709850549698,"y":0.6538910269737244,"z":-0.1746516078710556,"w":0.7112606763839722},"size":0.5525088310241699,"orthographic":false}