{"cameraMode":{"drawMode":0,"name":"Shaded","section":"Shading Mode"},"sceneLighting":false,"audioPlay":false,"sceneViewState":{"showFog":true,"showMaterialUpdate":false,"showSkybox":false,"showFlares":true,"showImageEffects":true,"showParticleSystems":true},"in2DMode":false,"pivot":{"x":-0.14705553650856019,"y":5.690264701843262,"z":-2.1227245330810549},"rotation":{"x":0.1899709850549698,"y":0.6538910269737244,"z":-0.1746516078710556,"w":0.7112606763839722},"size":0.7392410635948181,"orthographic":false}