{"cameraMode":{"drawMode":0,"name":"Shaded","section":"Shading Mode"},"sceneLighting":true,"audioPlay":false,"sceneViewState":{"showFog":true,"showMaterialUpdate":false,"showSkybox":true,"showFlares":true,"showImageEffects":true,"showParticleSystems":true},"in2DMode":false,"pivot":{"x":-0.6586194038391113,"y":-0.001774907112121582,"z":-3.677424192428589},"rotation":{"x":-0.020860731601715089,"y":0.9770723581314087,"z":-0.11880670487880707,"w":-0.17615456879138947},"size":1.778366208076477,"orthographic":false}