{"cameraMode":{"drawMode":0,"name":"Shaded","section":"Shading Mode"},"sceneLighting":false,"audioPlay":false,"sceneViewState":{"showFog":true,"showMaterialUpdate":false,"showSkybox":false,"showFlares":true,"showImageEffects":true,"showParticleSystems":true},"in2DMode":false,"pivot":{"x":4.854049205780029,"y":-2.8330869674682619,"z":3.6979637145996095},"rotation":{"x":-0.07476898282766342,"y":-0.8856765627861023,"z":0.15353862941265107,"w":-0.4319590926170349},"size":3.1599977016448976,"orthographic":false}