{"cameraMode":{"drawMode":0,"name":"Shaded","section":"Shading Mode"},"sceneLighting":false,"audioPlay":false,"sceneViewState":{"showFog":true,"showMaterialUpdate":false,"showSkybox":false,"showFlares":true,"showImageEffects":true,"showParticleSystems":true},"in2DMode":false,"pivot":{"x":-1.6488205194473267,"y":-0.1380423903465271,"z":0.0926278829574585},"rotation":{"x":-0.03703288733959198,"y":0.6268114447593689,"z":-0.03004036284983158,"w":-0.7778735756874085},"size":1.1204805374145508,"orthographic":false}