{"cameraMode":{"drawMode":0,"name":"Shaded","section":"Shading Mode"},"sceneLighting":false,"audioPlay":false,"sceneViewState":{"showFog":true,"showMaterialUpdate":false,"showSkybox":false,"showFlares":true,"showImageEffects":true,"showParticleSystems":true},"in2DMode":false,"pivot":{"x":2.348123550415039,"y":0.49250003695487978,"z":37.75373458862305},"rotation":{"x":-0.17830905318260194,"y":0.6895737051963806,"z":-0.18214112520217896,"w":-0.6780597567558289},"size":0.5631940960884094,"orthographic":false}