{"cameraMode":{"drawMode":0,"name":"Shaded","section":"Shading Mode"},"sceneLighting":false,"audioPlay":false,"sceneViewState":{"showFog":true,"showMaterialUpdate":false,"showSkybox":false,"showFlares":true,"showImageEffects":true,"showParticleSystems":true},"in2DMode":false,"pivot":{"x":-0.5980885624885559,"y":0.11827453970909119,"z":-0.5784494280815125},"rotation":{"x":-0.007272087503224611,"y":0.8343063592910767,"z":0.011004198342561722,"w":0.5511561632156372},"size":0.015397081151604653,"orthographic":false}