{"cameraMode":{"drawMode":0,"name":"Shaded","section":"Shading Mode"},"sceneLighting":false,"audioPlay":false,"sceneViewState":{"showFog":true,"showMaterialUpdate":false,"showSkybox":false,"showFlares":true,"showImageEffects":true,"showParticleSystems":true},"in2DMode":false,"pivot":{"x":-1.3061026334762574,"y":0.5307263135910034,"z":3.7095437049865724},"rotation":{"x":-0.0949835255742073,"y":0.3585280478000641,"z":-0.03669632971286774,"w":-0.9279688596725464},"size":0.7114855647087097,"orthographic":false}