{"cameraMode":{"drawMode":0,"name":"Shaded","section":"Shading Mode"},"sceneLighting":false,"audioPlay":false,"sceneViewState":{"showFog":true,"showMaterialUpdate":false,"showSkybox":false,"showFlares":true,"showImageEffects":true,"showParticleSystems":true},"in2DMode":false,"pivot":{"x":2.872433662414551,"y":0.6136107444763184,"z":3.812431573867798},"rotation":{"x":0.03911853954195976,"y":-0.29656368494033816,"z":-0.012584906071424485,"w":-0.9542571306228638},"size":2.195288896560669,"orthographic":false}