{"cameraMode":{"drawMode":0,"name":"Shaded","section":"Shading Mode"},"sceneLighting":false,"audioPlay":false,"sceneViewState":{"showFog":true,"showMaterialUpdate":false,"showSkybox":false,"showFlares":true,"showImageEffects":true,"showParticleSystems":true},"in2DMode":false,"pivot":{"x":-1.579361081123352,"y":0.37780722975730898,"z":0.692820131778717},"rotation":{"x":-0.013732804916799069,"y":-0.8515409231185913,"z":-0.021840212866663934,"w":0.52386474609375},"size":0.5562087893486023,"orthographic":false}