{"cameraMode":{"drawMode":0,"name":"Shaded","section":"Shading Mode"},"sceneLighting":false,"audioPlay":false,"sceneViewState":{"showFog":true,"showMaterialUpdate":false,"showSkybox":false,"showFlares":true,"showImageEffects":true,"showParticleSystems":true},"in2DMode":false,"pivot":{"x":-1.8112585544586182,"y":0.4009322226047516,"z":0.4806547164916992},"rotation":{"x":0.1899709850549698,"y":0.6538910269737244,"z":-0.1746516078710556,"w":0.7112606763839722},"size":0.6752962470054627,"orthographic":false}