{"cameraMode":{"drawMode":0,"name":"Shaded","section":"Shading Mode"},"sceneLighting":false,"audioPlay":false,"sceneViewState":{"showFog":true,"showMaterialUpdate":false,"showSkybox":false,"showFlares":true,"showImageEffects":true,"showParticleSystems":true},"in2DMode":false,"pivot":{"x":-0.05273395776748657,"y":0.2749999761581421,"z":8.759635925292969},"rotation":{"x":0.2506439983844757,"y":-0.6969471573829651,"z":0.2877270579338074,"w":0.6072218418121338},"size":0.3705563545227051,"orthographic":false}