{"cameraMode":{"drawMode":2,"name":"Shaded Wireframe","section":"Shading Mode"},"sceneLighting":false,"audioPlay":false,"sceneViewState":{"showFog":true,"showMaterialUpdate":false,"showSkybox":false,"showFlares":true,"showImageEffects":true,"showParticleSystems":true},"in2DMode":false,"pivot":{"x":76.8369369506836,"y":0.8259220719337463,"z":-3.6824419498443605},"rotation":{"x":-0.17154277861118318,"y":0.32365939021110537,"z":-0.059885721653699878,"w":-0.9286447167396545},"size":1.4193942546844483,"orthographic":false}